{
  "variants": {
    "facing=east,honey_level=0": {
      "model": "beehives:block/beehive",
      "y": 90
    },
    "facing=east,honey_level=1": {
      "model": "beehives:block/beehive",
      "y": 90
    },
    "facing=east,honey_level=2": {
      "model": "beehives:block/beehive",
      "y": 90
    },
    "facing=east,honey_level=3": {
      "model": "beehives:block/beehive",
      "y": 90
    },
    "facing=east,honey_level=4": {
      "model": "beehives:block/beehive",
      "y": 90
    },
    "facing=east,honey_level=5": {
      "model": "beehives:block/beehive_honey",
      "y": 90
    },
    "facing=north,honey_level=0": {
      "model": "beehives:block/beehive"
    },
    "facing=north,honey_level=1": {
      "model": "beehives:block/beehive"
    },
    "facing=north,honey_level=2": {
      "model": "beehives:block/beehive"
    },
    "facing=north,honey_level=3": {
      "model": "beehives:block/beehive"
    },
    "facing=north,honey_level=4": {
      "model": "beehives:block/beehive"
    },
    "facing=north,honey_level=5": {
      "model": "beehives:block/beehive_honey"
    },
    "facing=south,honey_level=0": {
      "model": "beehives:block/beehive",
      "y": 180
    },
    "facing=south,honey_level=1": {
      "model": "beehives:block/beehive",
      "y": 180
    },
    "facing=south,honey_level=2": {
      "model": "beehives:block/beehive",
      "y": 180
    },
    "facing=south,honey_level=3": {
      "model": "beehives:block/beehive",
      "y": 180
    },
    "facing=south,honey_level=4": {
      "model": "beehives:block/beehive",
      "y": 180
    },
    "facing=south,honey_level=5": {
      "model": "beehives:block/beehive_honey",
      "y": 180
    },
    "facing=west,honey_level=0": {
      "model": "beehives:block/beehive",
      "y": 270
    },
    "facing=west,honey_level=1": {
      "model": "beehives:block/beehive",
      "y": 270
    },
    "facing=west,honey_level=2": {
      "model": "beehives:block/beehive",
      "y": 270
    },
    "facing=west,honey_level=3": {
      "model": "beehives:block/beehive",
      "y": 270
    },
    "facing=west,honey_level=4": {
      "model": "beehives:block/beehive",
      "y": 270
    },
    "facing=west,honey_level=5": {
      "model": "beehives:block/beehive_honey",
      "y": 270
    }
  }
}